{
"cols": [
{"label": "Run", "type": "string"},
{"label": "Custom key", "type": "string"},
{"label": "Timestamp", "type": "string"},
{"label": "testCountAppointments", "type": "string"} ,
{"label": "testFindAllAppointments", "type": "string"} ,
{"label": "testFindAppointment", "type": "string"} ,
{"label": "testFindAppointmentEntries", "type": "string"} ,
{"label": "testFlush", "type": "string"} ,
{"label": "testMergeUpdate", "type": "string"} ,
{"label": "testPersist", "type": "string"} ,
{"label": "testRemove", "type": "string"} ],
"rows": [
{"c": [{"v": "1"}, {"v": "[1]"}, {"v": "2014-09-06 12:03:02.023"}, {"v": 0.081}, {"v": 0.079}, {"v": 0.078}, {"v": 0.093}, {"v": 0.082}, {"v": 0.078}, {"v": 0.08}, {"v": 0.084}]}
]}
