{
"cols": [
{"label": "method", "type": "string"},
{"label": "Average time [s]", "type": "number"},
{"label": "StdDev", "type": "number"},
{"label": "GC time [s]", "type": "number"},
{"label": "GC average [s]", "type": "number"},
{"label": "StdDev", "type": "number"},
{"label": "GC calls", "type": "number"},
{"label": "benchmark rounds", "type": "number"},
{"label": "warmup rounds", "type": "number"},
{"label": "Total benchmark time", "type": "number"},
{"label": "Total warmup time", "type": "number"}
],
"rows": [
{"c": [{"v": "testFindAppointmentEntries"}, {"v": 0.09}, {"v": 0.01}, {"v": 0.03}, {"v": 0.0}, {"v": 0.0}, {"v": 26}, {"v": 10}, {"v": 5}, {"v": 0.93}, {"v": 0.97}]},
{"c": [{"v": "testFlush"}, {"v": 0.08}, {"v": 0.01}, {"v": 0.03}, {"v": 0.0}, {"v": 0.0}, {"v": 26}, {"v": 10}, {"v": 5}, {"v": 0.82}, {"v": 0.4}]},
{"c": [{"v": "testPersist"}, {"v": 0.08}, {"v": 0.0}, {"v": 0.03}, {"v": 0.0}, {"v": 0.0}, {"v": 26}, {"v": 10}, {"v": 5}, {"v": 0.8}, {"v": 0.4}]},
{"c": [{"v": "testMergeUpdate"}, {"v": 0.08}, {"v": 0.0}, {"v": 0.03}, {"v": 0.0}, {"v": 0.0}, {"v": 26}, {"v": 10}, {"v": 5}, {"v": 0.79}, {"v": 0.4}]},
{"c": [{"v": "testFindAppointment"}, {"v": 0.08}, {"v": 0.0}, {"v": 0.03}, {"v": 0.0}, {"v": 0.0}, {"v": 25}, {"v": 10}, {"v": 5}, {"v": 0.78}, {"v": 0.4}]},
{"c": [{"v": "testCountAppointments"}, {"v": 0.08}, {"v": 0.01}, {"v": 0.03}, {"v": 0.0}, {"v": 0.0}, {"v": 25}, {"v": 10}, {"v": 5}, {"v": 0.81}, {"v": 0.4}]},
{"c": [{"v": "testFindAllAppointments"}, {"v": 0.08}, {"v": 0.0}, {"v": 0.03}, {"v": 0.0}, {"v": 0.0}, {"v": 26}, {"v": 10}, {"v": 5}, {"v": 0.79}, {"v": 0.41}]},
{"c": [{"v": "testRemove"}, {"v": 0.08}, {"v": 0.01}, {"v": 0.03}, {"v": 0.0}, {"v": 0.0}, {"v": 26}, {"v": 10}, {"v": 5}, {"v": 0.84}, {"v": 0.4}]}
]}
