{
"cols": [
{"label": "Run", "type": "string"},
{"label": "Custom key", "type": "string"},
{"label": "Timestamp", "type": "string"},
{"label": "testCountBhourses", "type": "string"} ,
{"label": "testFindAllBhourses", "type": "string"} ,
{"label": "testFindBhours", "type": "string"} ,
{"label": "testFindBhoursEntries", "type": "string"} ,
{"label": "testFlush", "type": "string"} ,
{"label": "testMergeUpdate", "type": "string"} ,
{"label": "testPersist", "type": "string"} ,
{"label": "testRemove", "type": "string"} ],
"rows": [
{"c": [{"v": "1"}, {"v": "[1]"}, {"v": "2014-09-06 12:03:02.023"}, {"v": 0.002}, {"v": 0.003}, {"v": 0.002}, {"v": 0.003}, {"v": 0.002}, {"v": 0.002}, {"v": 0.008}, {"v": 0.008}]}
]}
