{
"cols": [
{"label": "method", "type": "string"},
{"label": "Average time [s]", "type": "number"},
{"label": "StdDev", "type": "number"},
{"label": "GC time [s]", "type": "number"},
{"label": "GC average [s]", "type": "number"},
{"label": "StdDev", "type": "number"},
{"label": "GC calls", "type": "number"},
{"label": "benchmark rounds", "type": "number"},
{"label": "warmup rounds", "type": "number"},
{"label": "Total benchmark time", "type": "number"},
{"label": "Total warmup time", "type": "number"}
],
"rows": [
{"c": [{"v": "testFindAppointmentEntries"}, {"v": 0.2}, {"v": 0.01}, {"v": 0.07}, {"v": 0.0}, {"v": 0.0}, {"v": 62}, {"v": 10}, {"v": 5}, {"v": 2.01}, {"v": 1.64}]},
{"c": [{"v": "testFlush"}, {"v": 0.19}, {"v": 0.0}, {"v": 0.07}, {"v": 0.0}, {"v": 0.0}, {"v": 62}, {"v": 10}, {"v": 5}, {"v": 1.86}, {"v": 0.94}]},
{"c": [{"v": "testPersist"}, {"v": 0.19}, {"v": 0.01}, {"v": 0.08}, {"v": 0.0}, {"v": 0.0}, {"v": 62}, {"v": 10}, {"v": 5}, {"v": 1.89}, {"v": 0.93}]},
{"c": [{"v": "testMergeUpdate"}, {"v": 0.19}, {"v": 0.01}, {"v": 0.08}, {"v": 0.0}, {"v": 0.0}, {"v": 61}, {"v": 10}, {"v": 5}, {"v": 1.92}, {"v": 0.95}]},
{"c": [{"v": "testFindAppointment"}, {"v": 0.19}, {"v": 0.01}, {"v": 0.08}, {"v": 0.0}, {"v": 0.0}, {"v": 61}, {"v": 10}, {"v": 5}, {"v": 1.88}, {"v": 0.93}]},
{"c": [{"v": "testCountAppointments"}, {"v": 0.18}, {"v": 0.0}, {"v": 0.05}, {"v": 0.0}, {"v": 0.0}, {"v": 60}, {"v": 10}, {"v": 5}, {"v": 1.82}, {"v": 1.0}]},
{"c": [{"v": "testFindAllAppointments"}, {"v": 0.19}, {"v": 0.01}, {"v": 0.05}, {"v": 0.0}, {"v": 0.0}, {"v": 60}, {"v": 10}, {"v": 5}, {"v": 1.87}, {"v": 0.96}]},
{"c": [{"v": "testRemove"}, {"v": 0.19}, {"v": 0.0}, {"v": 0.06}, {"v": 0.0}, {"v": 0.0}, {"v": 61}, {"v": 10}, {"v": 5}, {"v": 1.85}, {"v": 0.97}]}
]}
