{
"cols": [
{"label": "method", "type": "string"},
{"label": "Average time [s]", "type": "number"},
{"label": "StdDev", "type": "number"},
{"label": "GC time [s]", "type": "number"},
{"label": "GC average [s]", "type": "number"},
{"label": "StdDev", "type": "number"},
{"label": "GC calls", "type": "number"},
{"label": "benchmark rounds", "type": "number"},
{"label": "warmup rounds", "type": "number"},
{"label": "Total benchmark time", "type": "number"},
{"label": "Total warmup time", "type": "number"}
],
"rows": [
{"c": [{"v": "testFlush"}, {"v": 0.0}, {"v": 0.0}, {"v": 0.0}, {"v": 0.0}, {"v": 0.0}, {"v": 1}, {"v": 10}, {"v": 5}, {"v": 0.02}, {"v": 0.02}]},
{"c": [{"v": "testFindBhours"}, {"v": 0.0}, {"v": 0.0}, {"v": 0.0}, {"v": 0.0}, {"v": 0.0}, {"v": 1}, {"v": 10}, {"v": 5}, {"v": 0.02}, {"v": 0.01}]},
{"c": [{"v": "testPersist"}, {"v": 0.01}, {"v": 0.0}, {"v": 0.0}, {"v": 0.0}, {"v": 0.0}, {"v": 1}, {"v": 10}, {"v": 5}, {"v": 0.08}, {"v": 0.04}]},
{"c": [{"v": "testMergeUpdate"}, {"v": 0.0}, {"v": 0.0}, {"v": 0.0}, {"v": 0.0}, {"v": 0.0}, {"v": 0}, {"v": 10}, {"v": 5}, {"v": 0.02}, {"v": 0.01}]},
{"c": [{"v": "testCountBhourses"}, {"v": 0.0}, {"v": 0.0}, {"v": 0.0}, {"v": 0.0}, {"v": 0.0}, {"v": 0}, {"v": 10}, {"v": 5}, {"v": 0.03}, {"v": 0.02}]},
{"c": [{"v": "testFindAllBhourses"}, {"v": 0.0}, {"v": 0.0}, {"v": 0.0}, {"v": 0.0}, {"v": 0.0}, {"v": 0}, {"v": 10}, {"v": 5}, {"v": 0.03}, {"v": 0.02}]},
{"c": [{"v": "testRemove"}, {"v": 0.01}, {"v": 0.0}, {"v": 0.0}, {"v": 0.0}, {"v": 0.0}, {"v": 0}, {"v": 10}, {"v": 5}, {"v": 0.08}, {"v": 0.04}]},
{"c": [{"v": "testFindBhoursEntries"}, {"v": 0.0}, {"v": 0.0}, {"v": 0.0}, {"v": 0.0}, {"v": 0.0}, {"v": 0}, {"v": 10}, {"v": 5}, {"v": 0.03}, {"v": 0.02}]}
]}
