{
"cols": [
{"label": "method", "type": "string"},
{"label": "Average time [s]", "type": "number"},
{"label": "StdDev", "type": "number"},
{"label": "GC time [s]", "type": "number"},
{"label": "GC average [s]", "type": "number"},
{"label": "StdDev", "type": "number"},
{"label": "GC calls", "type": "number"},
{"label": "benchmark rounds", "type": "number"},
{"label": "warmup rounds", "type": "number"},
{"label": "Total benchmark time", "type": "number"},
{"label": "Total warmup time", "type": "number"}
],
"rows": [
{"c": [{"v": "testFindAppointmentEntries"}, {"v": 0.54}, {"v": 0.02}, {"v": 0.22}, {"v": 0.0}, {"v": 0.0}, {"v": 150}, {"v": 10}, {"v": 5}, {"v": 5.4}, {"v": 3.42}]},
{"c": [{"v": "testFlush"}, {"v": 0.53}, {"v": 0.02}, {"v": 0.21}, {"v": 0.0}, {"v": 0.0}, {"v": 143}, {"v": 10}, {"v": 5}, {"v": 5.33}, {"v": 2.71}]},
{"c": [{"v": "testPersist"}, {"v": 0.54}, {"v": 0.02}, {"v": 0.16}, {"v": 0.0}, {"v": 0.0}, {"v": 142}, {"v": 10}, {"v": 5}, {"v": 5.39}, {"v": 2.69}]},
{"c": [{"v": "testMergeUpdate"}, {"v": 0.53}, {"v": 0.02}, {"v": 0.16}, {"v": 0.0}, {"v": 0.0}, {"v": 143}, {"v": 10}, {"v": 5}, {"v": 5.33}, {"v": 2.73}]},
{"c": [{"v": "testFindAppointment"}, {"v": 0.55}, {"v": 0.04}, {"v": 0.16}, {"v": 0.0}, {"v": 0.0}, {"v": 141}, {"v": 10}, {"v": 5}, {"v": 5.53}, {"v": 2.75}]},
{"c": [{"v": "testCountAppointments"}, {"v": 0.53}, {"v": 0.01}, {"v": 0.15}, {"v": 0.0}, {"v": 0.0}, {"v": 142}, {"v": 10}, {"v": 5}, {"v": 5.33}, {"v": 2.8}]},
{"c": [{"v": "testFindAllAppointments"}, {"v": 0.53}, {"v": 0.01}, {"v": 0.16}, {"v": 0.0}, {"v": 0.0}, {"v": 143}, {"v": 10}, {"v": 5}, {"v": 5.29}, {"v": 2.73}]},
{"c": [{"v": "testRemove"}, {"v": 0.54}, {"v": 0.02}, {"v": 0.19}, {"v": 0.0}, {"v": 0.0}, {"v": 144}, {"v": 10}, {"v": 5}, {"v": 5.39}, {"v": 2.71}]}
]}
