{
"cols": [
{"label": "method", "type": "string"},
{"label": "Average time [s]", "type": "number"},
{"label": "StdDev", "type": "number"},
{"label": "GC time [s]", "type": "number"},
{"label": "GC average [s]", "type": "number"},
{"label": "StdDev", "type": "number"},
{"label": "GC calls", "type": "number"},
{"label": "benchmark rounds", "type": "number"},
{"label": "warmup rounds", "type": "number"},
{"label": "Total benchmark time", "type": "number"},
{"label": "Total warmup time", "type": "number"}
],
"rows": [
{"c": [{"v": "testFindAppointmentEntries"}, {"v": 1.1}, {"v": 0.04}, {"v": 0.35}, {"v": 0.0}, {"v": 0.0}, {"v": 263}, {"v": 10}, {"v": 5}, {"v": 11.03}, {"v": 6.48}]},
{"c": [{"v": "testFlush"}, {"v": 1.05}, {"v": 0.02}, {"v": 0.33}, {"v": 0.0}, {"v": 0.0}, {"v": 261}, {"v": 10}, {"v": 5}, {"v": 10.51}, {"v": 5.32}]},
{"c": [{"v": "testPersist"}, {"v": 1.04}, {"v": 0.01}, {"v": 0.32}, {"v": 0.0}, {"v": 0.0}, {"v": 261}, {"v": 10}, {"v": 5}, {"v": 10.37}, {"v": 5.29}]},
{"c": [{"v": "testMergeUpdate"}, {"v": 1.04}, {"v": 0.02}, {"v": 0.33}, {"v": 0.0}, {"v": 0.0}, {"v": 262}, {"v": 10}, {"v": 5}, {"v": 10.42}, {"v": 5.3}]},
{"c": [{"v": "testFindAppointment"}, {"v": 1.03}, {"v": 0.02}, {"v": 0.33}, {"v": 0.0}, {"v": 0.0}, {"v": 260}, {"v": 10}, {"v": 5}, {"v": 10.28}, {"v": 5.13}]},
{"c": [{"v": "testCountAppointments"}, {"v": 1.04}, {"v": 0.03}, {"v": 0.37}, {"v": 0.0}, {"v": 0.0}, {"v": 262}, {"v": 10}, {"v": 5}, {"v": 10.38}, {"v": 5.11}]},
{"c": [{"v": "testFindAllAppointments"}, {"v": 1.05}, {"v": 0.02}, {"v": 0.33}, {"v": 0.0}, {"v": 0.0}, {"v": 262}, {"v": 10}, {"v": 5}, {"v": 10.47}, {"v": 5.23}]},
{"c": [{"v": "testRemove"}, {"v": 1.04}, {"v": 0.03}, {"v": 0.33}, {"v": 0.0}, {"v": 0.0}, {"v": 261}, {"v": 10}, {"v": 5}, {"v": 10.42}, {"v": 5.21}]}
]}
