{
"cols": [
{"label": "Run", "type": "string"},
{"label": "Custom key", "type": "string"},
{"label": "Timestamp", "type": "string"},
{"label": "testCountAppointments", "type": "string"} ,
{"label": "testFindAllAppointments", "type": "string"} ,
{"label": "testFindAppointment", "type": "string"} ,
{"label": "testFindAppointmentEntries", "type": "string"} ,
{"label": "testFlush", "type": "string"} ,
{"label": "testMergeUpdate", "type": "string"} ,
{"label": "testPersist", "type": "string"} ,
{"label": "testRemove", "type": "string"} ],
"rows": [
{"c": [{"v": "1"}, {"v": "[1]"}, {"v": "2014-09-06 12:06:11.82"}, {"v": 0.078}, {"v": 0.08}, {"v": 0.076}, {"v": 0.099}, {"v": 0.079}, {"v": 0.078}, {"v": 0.079}, {"v": 0.084}]},
{"c": [{"v": "2"}, {"v": "[2]"}, {"v": "2014-09-06 12:06:46.038"}, {"v": 0.182}, {"v": 0.187}, {"v": 0.188}, {"v": 0.201}, {"v": 0.186}, {"v": 0.192}, {"v": 0.189}, {"v": 0.185}]},
{"c": [{"v": "3"}, {"v": "[3]"}, {"v": "2014-09-06 12:07:48.883"}, {"v": 0.342}, {"v": 0.347}, {"v": 0.334}, {"v": 0.359}, {"v": 0.355}, {"v": 0.347}, {"v": 0.343}, {"v": 0.347}]}
]}
