{
"cols": [
{"label": "method", "type": "string"},
{"label": "Average time [s]", "type": "number"},
{"label": "StdDev", "type": "number"},
{"label": "GC time [s]", "type": "number"},
{"label": "GC average [s]", "type": "number"},
{"label": "StdDev", "type": "number"},
{"label": "GC calls", "type": "number"},
{"label": "benchmark rounds", "type": "number"},
{"label": "warmup rounds", "type": "number"},
{"label": "Total benchmark time", "type": "number"},
{"label": "Total warmup time", "type": "number"}
],
"rows": [
{"c": [{"v": "testFindAppointmentEntries"}, {"v": 0.36}, {"v": 0.02}, {"v": 0.16}, {"v": 0.0}, {"v": 0.0}, {"v": 100}, {"v": 10}, {"v": 5}, {"v": 3.59}, {"v": 2.45}]},
{"c": [{"v": "testFlush"}, {"v": 0.35}, {"v": 0.01}, {"v": 0.16}, {"v": 0.0}, {"v": 0.0}, {"v": 98}, {"v": 10}, {"v": 5}, {"v": 3.55}, {"v": 1.71}]},
{"c": [{"v": "testPersist"}, {"v": 0.34}, {"v": 0.02}, {"v": 0.15}, {"v": 0.0}, {"v": 0.0}, {"v": 98}, {"v": 10}, {"v": 5}, {"v": 3.43}, {"v": 1.75}]},
{"c": [{"v": "testMergeUpdate"}, {"v": 0.35}, {"v": 0.02}, {"v": 0.15}, {"v": 0.0}, {"v": 0.0}, {"v": 99}, {"v": 10}, {"v": 5}, {"v": 3.48}, {"v": 1.7}]},
{"c": [{"v": "testFindAppointment"}, {"v": 0.33}, {"v": 0.01}, {"v": 0.11}, {"v": 0.0}, {"v": 0.0}, {"v": 97}, {"v": 10}, {"v": 5}, {"v": 3.34}, {"v": 1.71}]},
{"c": [{"v": "testCountAppointments"}, {"v": 0.34}, {"v": 0.01}, {"v": 0.11}, {"v": 0.0}, {"v": 0.0}, {"v": 97}, {"v": 10}, {"v": 5}, {"v": 3.42}, {"v": 1.79}]},
{"c": [{"v": "testFindAllAppointments"}, {"v": 0.35}, {"v": 0.01}, {"v": 0.15}, {"v": 0.0}, {"v": 0.0}, {"v": 99}, {"v": 10}, {"v": 5}, {"v": 3.47}, {"v": 1.69}]},
{"c": [{"v": "testRemove"}, {"v": 0.35}, {"v": 0.02}, {"v": 0.15}, {"v": 0.0}, {"v": 0.0}, {"v": 98}, {"v": 10}, {"v": 5}, {"v": 3.47}, {"v": 1.71}]}
]}
