{
"cols": [
{"label": "method", "type": "string"},
{"label": "Average time [s]", "type": "number"},
{"label": "StdDev", "type": "number"},
{"label": "GC time [s]", "type": "number"},
{"label": "GC average [s]", "type": "number"},
{"label": "StdDev", "type": "number"},
{"label": "GC calls", "type": "number"},
{"label": "benchmark rounds", "type": "number"},
{"label": "warmup rounds", "type": "number"},
{"label": "Total benchmark time", "type": "number"},
{"label": "Total warmup time", "type": "number"}
],
"rows": [
{"c": [{"v": "testFindAppointmentEntries"}, {"v": 2.56}, {"v": 0.04}, {"v": 0.82}, {"v": 0.0}, {"v": 0.0}, {"v": 613}, {"v": 10}, {"v": 5}, {"v": 25.59}, {"v": 13.75}]},
{"c": [{"v": "testFlush"}, {"v": 2.62}, {"v": 0.1}, {"v": 0.81}, {"v": 0.0}, {"v": 0.0}, {"v": 606}, {"v": 10}, {"v": 5}, {"v": 26.23}, {"v": 12.81}]},
{"c": [{"v": "testPersist"}, {"v": 2.51}, {"v": 0.03}, {"v": 0.79}, {"v": 0.0}, {"v": 0.0}, {"v": 607}, {"v": 10}, {"v": 5}, {"v": 25.11}, {"v": 12.87}]},
{"c": [{"v": "testMergeUpdate"}, {"v": 2.52}, {"v": 0.03}, {"v": 0.79}, {"v": 0.0}, {"v": 0.0}, {"v": 607}, {"v": 10}, {"v": 5}, {"v": 25.18}, {"v": 12.56}]},
{"c": [{"v": "testFindAppointment"}, {"v": 2.52}, {"v": 0.04}, {"v": 0.78}, {"v": 0.0}, {"v": 0.0}, {"v": 604}, {"v": 10}, {"v": 5}, {"v": 25.21}, {"v": 12.62}]},
{"c": [{"v": "testCountAppointments"}, {"v": 2.52}, {"v": 0.03}, {"v": 0.79}, {"v": 0.0}, {"v": 0.0}, {"v": 606}, {"v": 10}, {"v": 5}, {"v": 25.18}, {"v": 12.65}]},
{"c": [{"v": "testFindAllAppointments"}, {"v": 2.52}, {"v": 0.02}, {"v": 0.8}, {"v": 0.0}, {"v": 0.0}, {"v": 608}, {"v": 10}, {"v": 5}, {"v": 25.19}, {"v": 12.77}]},
{"c": [{"v": "testRemove"}, {"v": 2.53}, {"v": 0.04}, {"v": 0.79}, {"v": 0.0}, {"v": 0.0}, {"v": 606}, {"v": 10}, {"v": 5}, {"v": 25.27}, {"v": 12.75}]}
]}
