{
"cols": [
{"label": "method", "type": "string"},
{"label": "Average time [s]", "type": "number"},
{"label": "StdDev", "type": "number"},
{"label": "GC time [s]", "type": "number"},
{"label": "GC average [s]", "type": "number"},
{"label": "StdDev", "type": "number"},
{"label": "GC calls", "type": "number"},
{"label": "benchmark rounds", "type": "number"},
{"label": "warmup rounds", "type": "number"},
{"label": "Total benchmark time", "type": "number"},
{"label": "Total warmup time", "type": "number"}
],
"rows": [
{"c": [{"v": "testFindAppointmentEntries"}, {"v": 1.73}, {"v": 0.04}, {"v": 0.6}, {"v": 0.0}, {"v": 0.0}, {"v": 458}, {"v": 10}, {"v": 5}, {"v": 17.31}, {"v": 10.03}]},
{"c": [{"v": "testFlush"}, {"v": 1.72}, {"v": 0.04}, {"v": 0.59}, {"v": 0.0}, {"v": 0.0}, {"v": 455}, {"v": 10}, {"v": 5}, {"v": 17.22}, {"v": 8.84}]},
{"c": [{"v": "testPersist"}, {"v": 1.7}, {"v": 0.03}, {"v": 0.55}, {"v": 0.0}, {"v": 0.0}, {"v": 455}, {"v": 10}, {"v": 5}, {"v": 17.01}, {"v": 8.67}]},
{"c": [{"v": "testMergeUpdate"}, {"v": 1.71}, {"v": 0.02}, {"v": 0.59}, {"v": 0.0}, {"v": 0.0}, {"v": 458}, {"v": 10}, {"v": 5}, {"v": 17.07}, {"v": 8.56}]},
{"c": [{"v": "testFindAppointment"}, {"v": 1.71}, {"v": 0.02}, {"v": 0.58}, {"v": 0.0}, {"v": 0.0}, {"v": 455}, {"v": 10}, {"v": 5}, {"v": 17.05}, {"v": 8.53}]},
{"c": [{"v": "testCountAppointments"}, {"v": 1.72}, {"v": 0.03}, {"v": 0.59}, {"v": 0.0}, {"v": 0.0}, {"v": 456}, {"v": 10}, {"v": 5}, {"v": 17.15}, {"v": 8.58}]},
{"c": [{"v": "testFindAllAppointments"}, {"v": 1.73}, {"v": 0.04}, {"v": 0.59}, {"v": 0.0}, {"v": 0.0}, {"v": 458}, {"v": 10}, {"v": 5}, {"v": 17.33}, {"v": 8.61}]},
{"c": [{"v": "testRemove"}, {"v": 1.73}, {"v": 0.03}, {"v": 0.58}, {"v": 0.0}, {"v": 0.0}, {"v": 456}, {"v": 10}, {"v": 5}, {"v": 17.28}, {"v": 8.48}]}
]}
