{
"cols": [
{"label": "Run", "type": "string"},
{"label": "Custom key", "type": "string"},
{"label": "Timestamp", "type": "string"},
{"label": "testCountBhourses", "type": "string"} ,
{"label": "testFindAllBhourses", "type": "string"} ,
{"label": "testFindBhours", "type": "string"} ,
{"label": "testFindBhoursEntries", "type": "string"} ,
{"label": "testFlush", "type": "string"} ,
{"label": "testMergeUpdate", "type": "string"} ,
{"label": "testPersist", "type": "string"} ,
{"label": "testRemove", "type": "string"} ],
"rows": [
{"c": [{"v": "1"}, {"v": "[1]"}, {"v": "2014-09-06 12:06:11.82"}, {"v": 0.002}, {"v": 0.003}, {"v": 0.002}, {"v": 0.003}, {"v": 0.002}, {"v": 0.002}, {"v": 0.008}, {"v": 0.008}]},
{"c": [{"v": "2"}, {"v": "[2]"}, {"v": "2014-09-06 12:06:46.038"}, {"v": 0.003}, {"v": 0.003}, {"v": 0.002}, {"v": 0.003}, {"v": 0.002}, {"v": 0.002}, {"v": 0.008}, {"v": 0.008}]},
{"c": [{"v": "3"}, {"v": "[3]"}, {"v": "2014-09-06 12:07:48.883"}, {"v": 0.002}, {"v": 0.003}, {"v": 0.002}, {"v": 0.003}, {"v": 0.002}, {"v": 0.002}, {"v": 0.008}, {"v": 0.008}]},
{"c": [{"v": "4"}, {"v": "[4]"}, {"v": "2014-09-06 12:09:14.579"}, {"v": 0.002}, {"v": 0.003}, {"v": 0.002}, {"v": 0.003}, {"v": 0.002}, {"v": 0.002}, {"v": 0.007}, {"v": 0.008}]},
{"c": [{"v": "5"}, {"v": "[5]"}, {"v": "2014-09-06 12:10:52.696"}, {"v": 0.002}, {"v": 0.002}, {"v": 0.002}, {"v": 0.003}, {"v": 0.002}, {"v": 0.002}, {"v": 0.008}, {"v": 0.008}]},
{"c": [{"v": "6"}, {"v": "[6]"}, {"v": "2014-09-06 12:13:07.708"}, {"v": 0.002}, {"v": 0.003}, {"v": 0.002}, {"v": 0.003}, {"v": 0.002}, {"v": 0.002}, {"v": 0.007}, {"v": 0.008}]},
{"c": [{"v": "7"}, {"v": "[7]"}, {"v": "2014-09-06 12:15:55.314"}, {"v": 0.002}, {"v": 0.002}, {"v": 0.002}, {"v": 0.003}, {"v": 0.002}, {"v": 0.002}, {"v": 0.008}, {"v": 0.008}]},
{"c": [{"v": "8"}, {"v": "[8]"}, {"v": "2014-09-06 12:19:55.227"}, {"v": 0.002}, {"v": 0.003}, {"v": 0.002}, {"v": 0.003}, {"v": 0.002}, {"v": 0.002}, {"v": 0.007}, {"v": 0.008}]}
]}
