{
"cols": [
{"label": "method", "type": "string"},
{"label": "Average time [s]", "type": "number"},
{"label": "StdDev", "type": "number"},
{"label": "GC time [s]", "type": "number"},
{"label": "GC average [s]", "type": "number"},
{"label": "StdDev", "type": "number"},
{"label": "GC calls", "type": "number"},
{"label": "benchmark rounds", "type": "number"},
{"label": "warmup rounds", "type": "number"},
{"label": "Total benchmark time", "type": "number"},
{"label": "Total warmup time", "type": "number"}
],
"rows": [
{"c": [{"v": "testFindAppointmentEntries"}, {"v": 1.33}, {"v": 0.02}, {"v": 0.43}, {"v": 0.0}, {"v": 0.0}, {"v": 340}, {"v": 10}, {"v": 5}, {"v": 13.32}, {"v": 7.4}]},
{"c": [{"v": "testFlush"}, {"v": 1.34}, {"v": 0.02}, {"v": 0.42}, {"v": 0.0}, {"v": 0.0}, {"v": 340}, {"v": 10}, {"v": 5}, {"v": 13.39}, {"v": 6.67}]},
{"c": [{"v": "testPersist"}, {"v": 1.34}, {"v": 0.03}, {"v": 0.42}, {"v": 0.0}, {"v": 0.0}, {"v": 339}, {"v": 10}, {"v": 5}, {"v": 13.37}, {"v": 6.68}]},
{"c": [{"v": "testMergeUpdate"}, {"v": 1.34}, {"v": 0.03}, {"v": 0.46}, {"v": 0.0}, {"v": 0.0}, {"v": 343}, {"v": 10}, {"v": 5}, {"v": 13.44}, {"v": 6.83}]},
{"c": [{"v": "testFindAppointment"}, {"v": 1.33}, {"v": 0.02}, {"v": 0.46}, {"v": 0.0}, {"v": 0.0}, {"v": 339}, {"v": 10}, {"v": 5}, {"v": 13.29}, {"v": 6.63}]},
{"c": [{"v": "testCountAppointments"}, {"v": 1.34}, {"v": 0.03}, {"v": 0.46}, {"v": 0.0}, {"v": 0.0}, {"v": 341}, {"v": 10}, {"v": 5}, {"v": 13.37}, {"v": 6.56}]},
{"c": [{"v": "testFindAllAppointments"}, {"v": 1.33}, {"v": 0.03}, {"v": 0.46}, {"v": 0.0}, {"v": 0.0}, {"v": 342}, {"v": 10}, {"v": 5}, {"v": 13.34}, {"v": 6.63}]},
{"c": [{"v": "testRemove"}, {"v": 1.32}, {"v": 0.02}, {"v": 0.42}, {"v": 0.0}, {"v": 0.0}, {"v": 340}, {"v": 10}, {"v": 5}, {"v": 13.19}, {"v": 6.68}]}
]}
