{
"cols": [
{"label": "method", "type": "string"},
{"label": "Average time [s]", "type": "number"},
{"label": "StdDev", "type": "number"},
{"label": "GC time [s]", "type": "number"},
{"label": "GC average [s]", "type": "number"},
{"label": "StdDev", "type": "number"},
{"label": "GC calls", "type": "number"},
{"label": "benchmark rounds", "type": "number"},
{"label": "warmup rounds", "type": "number"},
{"label": "Total benchmark time", "type": "number"},
{"label": "Total warmup time", "type": "number"}
],
"rows": [
{"c": [{"v": "testFindAppointmentEntries"}, {"v": 0.76}, {"v": 0.02}, {"v": 0.28}, {"v": 0.0}, {"v": 0.0}, {"v": 204}, {"v": 10}, {"v": 5}, {"v": 7.56}, {"v": 4.59}]},
{"c": [{"v": "testFlush"}, {"v": 0.77}, {"v": 0.04}, {"v": 0.28}, {"v": 0.0}, {"v": 0.0}, {"v": 203}, {"v": 10}, {"v": 5}, {"v": 7.74}, {"v": 3.79}]},
{"c": [{"v": "testPersist"}, {"v": 0.77}, {"v": 0.03}, {"v": 0.27}, {"v": 0.0}, {"v": 0.0}, {"v": 203}, {"v": 10}, {"v": 5}, {"v": 7.68}, {"v": 3.74}]},
{"c": [{"v": "testMergeUpdate"}, {"v": 0.76}, {"v": 0.02}, {"v": 0.27}, {"v": 0.0}, {"v": 0.0}, {"v": 203}, {"v": 10}, {"v": 5}, {"v": 7.65}, {"v": 3.75}]},
{"c": [{"v": "testFindAppointment"}, {"v": 0.75}, {"v": 0.03}, {"v": 0.27}, {"v": 0.0}, {"v": 0.0}, {"v": 201}, {"v": 10}, {"v": 5}, {"v": 7.49}, {"v": 3.78}]},
{"c": [{"v": "testCountAppointments"}, {"v": 0.84}, {"v": 0.06}, {"v": 0.28}, {"v": 0.0}, {"v": 0.0}, {"v": 202}, {"v": 10}, {"v": 5}, {"v": 8.41}, {"v": 3.79}]},
{"c": [{"v": "testFindAllAppointments"}, {"v": 0.81}, {"v": 0.02}, {"v": 0.28}, {"v": 0.0}, {"v": 0.0}, {"v": 203}, {"v": 10}, {"v": 5}, {"v": 8.14}, {"v": 4.05}]},
{"c": [{"v": "testRemove"}, {"v": 0.81}, {"v": 0.03}, {"v": 0.28}, {"v": 0.0}, {"v": 0.0}, {"v": 202}, {"v": 10}, {"v": 5}, {"v": 8.06}, {"v": 4.03}]}
]}
