{
"cols": [
{"label": "method", "type": "string"},
{"label": "Average time [s]", "type": "number"},
{"label": "StdDev", "type": "number"},
{"label": "GC time [s]", "type": "number"},
{"label": "GC average [s]", "type": "number"},
{"label": "StdDev", "type": "number"},
{"label": "GC calls", "type": "number"},
{"label": "benchmark rounds", "type": "number"},
{"label": "warmup rounds", "type": "number"},
{"label": "Total benchmark time", "type": "number"},
{"label": "Total warmup time", "type": "number"}
],
"rows": [
{"c": [{"v": "testFindAppointmentEntries"}, {"v": 2.08}, {"v": 0.02}, {"v": 0.66}, {"v": 0.0}, {"v": 0.0}, {"v": 492}, {"v": 10}, {"v": 5}, {"v": 20.76}, {"v": 11.28}]},
{"c": [{"v": "testFlush"}, {"v": 2.07}, {"v": 0.02}, {"v": 0.6}, {"v": 0.0}, {"v": 0.0}, {"v": 489}, {"v": 10}, {"v": 5}, {"v": 20.72}, {"v": 10.39}]},
{"c": [{"v": "testPersist"}, {"v": 2.1}, {"v": 0.03}, {"v": 0.66}, {"v": 0.0}, {"v": 0.0}, {"v": 492}, {"v": 10}, {"v": 5}, {"v": 21.01}, {"v": 10.33}]},
{"c": [{"v": "testMergeUpdate"}, {"v": 2.12}, {"v": 0.04}, {"v": 0.62}, {"v": 0.0}, {"v": 0.0}, {"v": 491}, {"v": 10}, {"v": 5}, {"v": 21.24}, {"v": 10.57}]},
{"c": [{"v": "testFindAppointment"}, {"v": 2.07}, {"v": 0.03}, {"v": 0.65}, {"v": 0.0}, {"v": 0.0}, {"v": 491}, {"v": 10}, {"v": 5}, {"v": 20.72}, {"v": 10.47}]},
{"c": [{"v": "testCountAppointments"}, {"v": 2.09}, {"v": 0.04}, {"v": 0.62}, {"v": 0.0}, {"v": 0.0}, {"v": 490}, {"v": 10}, {"v": 5}, {"v": 20.88}, {"v": 10.57}]},
{"c": [{"v": "testFindAllAppointments"}, {"v": 2.07}, {"v": 0.03}, {"v": 0.66}, {"v": 0.0}, {"v": 0.0}, {"v": 492}, {"v": 10}, {"v": 5}, {"v": 20.75}, {"v": 10.39}]},
{"c": [{"v": "testRemove"}, {"v": 2.08}, {"v": 0.03}, {"v": 0.61}, {"v": 0.0}, {"v": 0.0}, {"v": 491}, {"v": 10}, {"v": 5}, {"v": 20.77}, {"v": 10.57}]}
]}
