{
"cols": [
{"label": "Run", "type": "string"},
{"label": "Custom key", "type": "string"},
{"label": "Timestamp", "type": "string"},
{"label": "testCountAppointments", "type": "string"} ,
{"label": "testFindAllAppointments", "type": "string"} ,
{"label": "testFindAppointment", "type": "string"} ,
{"label": "testFindAppointmentEntries", "type": "string"} ,
{"label": "testFlush", "type": "string"} ,
{"label": "testMergeUpdate", "type": "string"} ,
{"label": "testPersist", "type": "string"} ,
{"label": "testRemove", "type": "string"} ],
"rows": [
{"c": [{"v": "1"}, {"v": "[1]"}, {"v": "2014-09-06 12:06:11.82"}, {"v": 0.078}, {"v": 0.08}, {"v": 0.076}, {"v": 0.099}, {"v": 0.079}, {"v": 0.078}, {"v": 0.079}, {"v": 0.084}]},
{"c": [{"v": "2"}, {"v": "[2]"}, {"v": "2014-09-06 12:06:46.038"}, {"v": 0.182}, {"v": 0.187}, {"v": 0.188}, {"v": 0.201}, {"v": 0.186}, {"v": 0.192}, {"v": 0.189}, {"v": 0.185}]},
{"c": [{"v": "3"}, {"v": "[3]"}, {"v": "2014-09-06 12:07:48.883"}, {"v": 0.342}, {"v": 0.347}, {"v": 0.334}, {"v": 0.359}, {"v": 0.355}, {"v": 0.347}, {"v": 0.343}, {"v": 0.347}]},
{"c": [{"v": "4"}, {"v": "[4]"}, {"v": "2014-09-06 12:09:14.579"}, {"v": 0.533}, {"v": 0.529}, {"v": 0.553}, {"v": 0.54}, {"v": 0.533}, {"v": 0.533}, {"v": 0.539}, {"v": 0.539}]},
{"c": [{"v": "5"}, {"v": "[5]"}, {"v": "2014-09-06 12:10:52.696"}, {"v": 0.842}, {"v": 0.814}, {"v": 0.749}, {"v": 0.756}, {"v": 0.774}, {"v": 0.765}, {"v": 0.768}, {"v": 0.806}]},
{"c": [{"v": "6"}, {"v": "[6]"}, {"v": "2014-09-06 12:13:07.708"}, {"v": 1.038}, {"v": 1.047}, {"v": 1.028}, {"v": 1.103}, {"v": 1.051}, {"v": 1.042}, {"v": 1.037}, {"v": 1.042}]},
{"c": [{"v": "7"}, {"v": "[7]"}, {"v": "2014-09-06 12:15:55.314"}, {"v": 1.337}, {"v": 1.334}, {"v": 1.329}, {"v": 1.332}, {"v": 1.339}, {"v": 1.344}, {"v": 1.337}, {"v": 1.319}]},
{"c": [{"v": "8"}, {"v": "[8]"}, {"v": "2014-09-06 12:19:55.227"}, {"v": 1.715}, {"v": 1.733}, {"v": 1.705}, {"v": 1.731}, {"v": 1.722}, {"v": 1.707}, {"v": 1.701}, {"v": 1.728}]},
{"c": [{"v": "9"}, {"v": "[9]"}, {"v": "2014-09-06 12:24:34.682"}, {"v": 2.088}, {"v": 2.074}, {"v": 2.071}, {"v": 2.076}, {"v": 2.072}, {"v": 2.124}, {"v": 2.101}, {"v": 2.077}]}
]}
